{
    "DenseNet121": {
        "30": {
            "SVM": {
                "train_accuracy": "0.9250",
                "accuracy": "0.8750",
                "report": {
                    "0": {
                        "precision": 0.8125,
                        "recall": 0.975,
                        "f1-score": 0.8863636363636364,
                        "support": 40.0
                    },
                    "1": {
                        "precision": 0.96875,
                        "recall": 0.775,
                        "f1-score": 0.8611111111111112,
                        "support": 40.0
                    },
                    "accuracy": 0.875,
                    "macro avg": {
                        "precision": 0.890625,
                        "recall": 0.875,
                        "f1-score": 0.8737373737373737,
                        "support": 80.0
                    },
                    "weighted avg": {
                        "precision": 0.890625,
                        "recall": 0.875,
                        "f1-score": 0.8737373737373737,
                        "support": 80.0
                    }
                },
                "best_params": {
                    "C": 0.1,
                    "gamma": "scale",
                    "kernel": "linear"
                }
            }
        }
    }
}